Teks,Label
b'Indonesia harus memperketat pintu-pintu masuk dari berbagai negara agar mutase Corona tidak menimbulkan permasalahan baru #SemangatPulihkanBangsa #LihatDenganJernih https://t.co/ZbshM8rouE',Positif
b'Organisasi Kesehatan Dunia Mengapresiasi Indonesia dalam solidaritas global terkait vaksin virus corona tipe baru atau Covid-19. https://t.co/ughKmiaWX8',Positif
b'Kementerian Kesehatan memperbaharui data harian penularan virus corona di Indonesia. #kumparanNews #jagajarak https://t.co/ZFM7nonGGn',Netral
"b'Pandemi virus corona membuat industri sepakbola Indonesia luluh lantak, terselenggaranya Piala Menpora diharapkan bisa menjadi titik kebangkitan.\n\nhttps://t.co/S671UqyVe5'",Negatif
"b'@PutraWadapi Ampun pak, 1 periode aja janji tinggal janji...2 periode hutang menggunung ...ekonomi minus tai ada kambing hitam namanya virus  Corona...3 periode Indonesia karam pak...'",Negatif
"b'@nnnnnadia_ Tes negatifnya di UK sebelum terbang kan?\nMereka masih berpotensi terpapar corona di perjalanan dari UK ke Indonesia, makanya harus isolasi lalu tes PCR lagi setelah 5 hari isolasi.'",Negatif
b'Suntikan Perdana Vaksin Covid-19 AstraZeneca di Indonesia Diberikan Kepada Para Kiai di Jawa Timur https://t.co/8fvkVKnL2g',Positif
b'Kec. Neglasari\n\n- Pelantikan Pengurus Pimpinan Cabang Dewan Indonesia (DMI) Kota Tangerang\n\n#kotatangerang\n#tangerangkota\xc2\xa0\n#tangerangayo\n#tangeranglive\n#kegiatankecamatan\n#kecamatan\n#wawaran\n#sidak\n#corona\n#covid19\n#siaranpers\n#beritakota https://t.co/HQZI58dd6p',Netral
"b""Dibuat dari sel janin hasil aborsi, Vatikan: Vaksin corona 'secara moral dapat diterima',\nhttps://t.co/FXMYAfDK32""",Netral
"b""'Jangankan Irene, GM internasional pun bisa kita kalahkan. Belum tau mereka the power of bapak\xc2\xb2 main catur di pos sambil sebat dan ngopi'.  Kok analoginya mirip awal\xc2\xb2 corona; 'Indonesia kebal corona krn sudah digembleng tiap hari hadapin borax, formalin, pewarna pakaian, plastik'""",Netral
b'Indonesia harus memperketat pintu-pintu masuk dari berbagai negara agar mutase Corona tidak menimbulkan permasalahan baru #SemangatPulihkanBangsa #LihatDenganJernih https://t.co/6ul5MuzhoF',Positif
"b'Penularan Covid Turun, Saham RALS &amp; MPPA Cs Mulai Naik Daun: Jakarta, CNBC Indonesia - Saham emiten ritel sepertinya mulai bangkit kembali, setelah kasus aktif virus corona (Covid-19) di Indonesia yang mulai\xc2\xa0... https://t.co/xyfOOcPzU7 #saham #investasi'",Negatif
b'Indonesia harus memperketat pintu-pintu masuk dari berbagai negara agar mutase Corona tidak menimbulkan permasalahan baru #SemangatPulihkanBangsa #LihatDenganJernih https://t.co/a3dtM6M8HA',Positif
b'Organisasi Kesehatan Dunia Mengapresiasi Indonesia dalam solidaritas global terkait vaksin virus corona tipe baru atau Covid-19. https://t.co/PLlJn0hzWx',Positif
b'Organisasi Kesehatan Dunia Mengapresiasi Indonesia dalam solidaritas global terkait vaksin virus corona tipe baru atau Covid-19. https://t.co/4XzcvZ9p5h',Positif
b'Indonesia sudah setahun lebih dihantam oleh pandemi COVID-19. Wabah tersebut meluluhlantakkan perekonomian. Imbasnya pun dirasakan ke sektor perpajakan. https://t.co/FU8hrh6PrR',Positif
b'@Vaksin_Update Siap siap karna #AstraZenecaLawanCorona\nTetap optimis menjadikan Indonesia bersih dri corona',Positif
"b'18.28 #BeritaSONORA - UPDATE Kasus Corona Indonesia 22 Maret 2021: Positif 5.744, Sembuh 7.177, Meninggal 161\n @tribunnews\nhttps://t.co/zyT0Un0ZQz'",Positif
"b'UPDATE Kasus Corona Indonesia 22 Maret 2021: Positif 5.744, Sembuh 7.177, Meninggal 161\n \nhttps://t.co/rOYcj8fcuq'",Positif
"b'BREAKING NEWS Update Corona Indonesia 22 Maret 2021: Tambah 5.744 Kasus, Total 1.465.928 Positif - Tribunnews https://t.co/sb3cdQQHWU https://t.co/r1V8kNBZoB'",Positif
"b'Mengapresiasi Indonesia dalam solidaritas global terkait vaksin virus corona tipe baru atau Covid-19. \nPerwakilan Organisasi Kesehatan Dunia (WHO), Navaratnasamy Paranietharan \n#VaksinUntukIndonesiaSehat #SukseskanProtokolKesehatan https://t.co/29RifxpU9b'",Positif
"b'Mengapresiasi Indonesia dalam solidaritas global terkait vaksin virus corona tipe baru atau Covid-19. \nPerwakilan Organisasi Kesehatan Dunia (WHO), Navaratnasamy Paranietharan \n\n#VaksinUntukIndonesiaSehat #SukseskanProtokolKesehatan https://t.co/BTmfLiXSOL'",Positif
"b'Vaksinasi COVID-19 bawa angin segar untuk industri film dan musik: Keberadaan vaksin COVID-19 diharapkan bisa membawa angin segar untuk industri perfilman dan musik di Indonesia yang sejak tahun lalu terdampak pandemi virus corona.Direktur Perfilman,\xe2\x80\xa6 https://t.co/4mdaWkaseO https://t.co/BuZR8VkgEr'",Positif
"b'Kasus positif COVID-19 di Indonesia per 22 Maret 2021 bertambah 5.744, total menjadi 1.465.928 orang. Dari data ini, 128.250 merupakan kasus aktif atau pasien dalam perawatan.\n\nhttps://t.co/dTJ05WtDPM'",Positif
"b'Nggak terasa, pandemi COVID -19 sudah ada di Indonesia selama setahun lebih, dan semakin banyak juga varian Virus Corona baru yang masuk ke Tanah Air, salah satunya varian B117 yang belakangan ini jadi bahan perbincangan banyak orang. https://t.co/cMEn2JxPiO'",Positif
"b'Saat ini Indonesia masih dilanda wabah pandemi, virus Corona yang hingga saat ini masih menyebar. Sudah banyak korban yang terpapar virus Corona, bahkan sudah banyak korban yang meninggal akibat terpapar virus tersebut.'",Positif
"b'Update jumlah penderita Covid-19 di Indonesia , Hari Jumat 19 Maret  2021. Mari kita jaga kesehatan kita &amp; orang-orang disekitar kita , Selalu cuci tangan, Jaga Jarak  dan #pakaimasker Sobat Jak\n\n#bersatulawancovid19 #COVID19 #corona #coronavirus #jaktv #jakarta #indonesia https://t.co/xh1dES7a3W'",Netral
"b'BREAKING NEWS: Update Kasus Corona di Indonesia per 22 Maret 2021, + 7.177 Sembuh\nhttps://t.co/LQalNxNzLR via @YouTube'",Netral
"b'Data per 22 Maret 2021, pasien konfirmasi corona di Indonesia mencapai 1.465.928 orang. Jumlah pasien sembuh 1.297.967 orang dan 39.711 orang lainnya meninggal dunia. \n#BersatuLawanCovid19 #cerdascovid19 #updatecorona #updatecovid19 #corona #viruscorona #covid19 https://t.co/cw3B8qRKDf'",Netral
"b'#Rey Mbayang Positif Corona, Manajer Sebut Kondisi Cukup Parah - CNN Indonesia #Corona #Korona'",Positif
"b'#BREAKING NEWS Update Corona Indonesia 22 Maret 2021: Tambah 5.744 Kasus, Total 1.465.928 Positif - https://t.co/wXAYvAkF5n #Corona #Korona'",Positif
"b'Jumlah pasien konfirmasi positif terpapar virus Corona di Indonesia bertambah 5.744. Sehingga, totalnya kini menjadi 1.465.928 kasus. #KAMUHARUSTAU\n\nhttps://t.co/5O0VIjXeoI'",Positif
"b'BREAKING NEWS Update Corona Indonesia 22 Maret 2021: Tambah 5.744 Kasus, Total 1.465.928 Positif\nhttps://t.co/rrxirDlN7f\n\n#BeritaSonora via @tribunnews'",Positif
"b'BREAKING NEWS Update Corona Indonesia 22 Maret 2021: Tambah 5.744 Kasus, Total 1.465.928 Positif\n \nhttps://t.co/v3PKQv5c6v'",Positif
b'Ribuan Vial Vaksin Covid-19 AstraZeneca Telah Didistribusikan ke Sejumlah Provinsi Indonesia https://t.co/6ulMxc5rg9',Netral
b'#Update Corona Indonesia Sore Ini &amp; Dunia: RI Tambah 4.396 Kasus - https://t.co/texDkHg2E5 #Corona #Korona',Netral
"b'Kemenkeu: Indonesia Butuh Rp58 Triliun untuk Vaksinasi Virus Corona: Suahasil mengatakan, vaksinasi diperlukan oleh Indonesia untuk mencapai kekebalan kelompok (herd immunity). Hingga kini sebanyak 185 juta masyarakat Indonesia ditargetkan bisa menerima\xe2\x80\xa6 https://t.co/biezGCedgR'",Netral
b'Cuk!. \xf0\x9f\x96\x95\n\nIndonesia Diminta Tak Boleh Gugat Jika Efek Vaksin Corona Membahayakan https://t.co/xi1HNYdNyA',Negatif
"b'Sebelum ada virus Corona, Indonesia pernah dihebohkan oleh virus Brontok.\n\n#menolaktua\n#menolaklupa'",Negatif
b'@KBinsa @TjahjantoHadi @Puspen_TNI @DivHumas_Polri @kemkominfo @KemenkesRI @Kemdikbud_RI @WHO yukk...ambil bagian kalian untuk Indonesia Sehat. Kita dukung program vaksinasi nasional demi memutus mata rantai penyebaran virus corona.',Positif
"b'WASPADA COVID-19\nYuk patuhi protokol kesehatan 5M untuk mencegah penyebaran virus Corona,\n\n.\n\n#HumasPoldaKepri #PoldaKepri #Multimediapoldakepri #Adaptasikebiasaanbaru #LawanCovid19 #Kepri #Indonesia #DisiplinBersamaPolri https://t.co/UOi2bvhFEU'",Netral
"b'Pasien Sembuh Corona di Indonesia Capai 88,4 Persen https://t.co/BVbeZR8wNt https://t.co/ZqBKMOzv80'",Netral
"b'Program vaksinasi mandiri nampaknya akan segera berjalan. Hal ini terungkap setelah Menteri BUMN menyatakan bahwa kemungkinan akan ada 3,5 juta dosis vaksin corona yang akan tiba di Indonesia pada bulan Maret 2021.'",Netral
b'Yukk cek gejala Corona varian baru B117 #pcr #pcrtest #swab #swabantigen #jakarta #indonesia https://t.co/Cc5gMaK1qQ',Positif
b'Pemerintah Indonesia diminta mengedukasi publik tentang pentingnya imunisasi virus corona karena keputusan MUI mengharamkan vaksin AstraZeneca - namun boleh digunakan lantaran darurat - dikhawatirkan mengurangi minat melakukan vaksinasi.https://t.co/w86iESnfkx',Netral
"b'Pemerintah sudah mulai mendistribusikan vaksin corona AstraZeneca ke berbagai daerah di Indonesia. Di antaranya, Kemenkes mengungkap jika vaksin ini sampai di Jawa Timur dan Bali. https://t.co/6CipBYIcFt'",Negatif
"b'Janggal gk sih? penumpang anonim yg positif corona bisa ada di dlm pesawat yg ada rombongan tim bultang indonesia,, https://t.co/Md0DD3piMF'",Negatif
"b'PPKM Mikro Dilanjutkan, Airlangga Hartarto: Perkembangan yang Membaik\n\nhttps://t.co/WQmbHL5wJx \n\n#ppkm #mikro #airlanggahartarto #hartarto #perkembangan #membaik #efektif #covid19 #nasional #indonesia #virus #corona #persentasi #aktif #kesehatan #prmn #pikiranrakyat'",Positif
"b""Wakil Presiden Ma'ruf Amin meminta kehalalan vaksin Corona merek AstraZeneca tidak lagi menjadi persoalan. Sebab, menurutnya Majelis Ulama Indonesia (MUI) sudah memperbolehkan\nhttps://t.co/2eOaDSnbFV""",Netral
b'Ketua Majelis Ulama Indonesia Jawa Timur (MUI Jatim) KH Hasan Mutawakkil Alallah bersama sejumlah ulama lainnya di Jatim menjalani vaksinasi di Pendopo Delta Wibawa Sidoarjo. #kumparanNews https://t.co/xl5UNZxeUO',Negatif
"b'Sebenarnya dari tahun 2016/2017 aku dah tau BTS tp cuma tau aja, itu karena ada temen sekelas aku yg jadi army terus sering sebutin BTS gitu. Terus tahun 2020 corona muncul di Indonesia dan semua aktivitas ditiadakan, nah pas itu aku gabut banget (+)\n#ArmyConfessionTime https://t.co/Oa2IlFdols'",Positif
b'Prof Zubairi Djoerban selaku Ketua Satgas Ikatan Dokter Indonesia (IDI) mengatakan bahwa varian baru virus corona yakni B117 lebih mematikan ketimbang virus yang ada saat ini. #KAMUHARUSTAU #Satgas #Covid19 #Corona\nhttps://t.co/lBpWLRn4HH',Positif
"b'corona hilang, gw mau tamasya ke indonesia bagian timur bismillah!!'",Netral
"b'Jaga Diri, Jaga Keluarga dan Jaga Negara, akhiri wabah Corona di Indonesia Dengan Tertib memakai Masker. https://t.co/DeqlxDrWxp'",Netral
b'Mari bersama kita lawan Corona dengan dukung program vaksin untuk indonesia yang lebih baik  #Waspada #mutasibaru #Vaksinasi #TetapDirumahAja SNMPTN https://t.co/e9e8r7T1ko',Positif
b'jauhi perkumpulan orang banyak dan senantiasa menjalankan prokes untuk indonesia bebas corona  #Waspada #mutasibaru #Vaksinasi #TetapDirumahAja SNMPTN https://t.co/Fg5pyZRRxn',Netral
b'TIMELINE INDONESIA MENGHADAPI VIRUS CORONA (COVID19) - https://t.co/QiNAk0uPId https://t.co/SqcZt2FRpW',Netral
"b'""AMBIL HIKMAHNYA  COVID 19""\nJika keadaan pendapatan mu\nBERKURANG\nUpaya kan amal SHOLEH dan PAHALA mu yang bertabah BANYAK.\n Semoga badai CORONA segera hancur dan musnah di muka bumi.\n Dan Allah SWT jadikan INDONESIA\n  BAlDATUN THOYYIBATUN WAROBBUN GHOFUR,,,, AAMIIN  AAMIIN YRA.'",Positif
b'For your information!\nWaspada Virus Corona di Tempat Beraktivitas\n\n#protokolkesehatan #COVID19 #indonesia https://t.co/qGh8z8dgv7',Netral
b'Pihak Astrazeneca membantah fatwa dan pernyataan MUI kalau vaksin Corona AstraZeneca mengandung babi. AstraZeneca Indonesia menyatakan vaksin buatannya tidak mengandung babi dan hewan lain dalam proses pembuatannya.\n\nMUI skrg kok ngaco sih...!\n\n@KemenkesRI\nhttps://t.co/oOx9X1ixdh',Positif
b'Update Sebaran Kasus Corona di Indonesia https://t.co/wPKakBLa9V',Netral
"b'Pasien Sembuh Corona di Indonesia Capai 88,4 Persen https://t.co/JUHlKFh4bd'",Netral
b'Perlu adanya kesadaran dan ketaatan mengikuti protokol kesehatan dari seluruh lapisan masyarakat agar bisa menekan penyebaran virus Corona di Indonesia',Netral
"b'MUI tetap memberikan lampu hijau penggunaan AstraZeneca, mengingat vaksin dinilai merupakan salah satu upaya mengendalikan pandemi virus corona di Indonesia. #CNNIndonesia #detiknetwork \n\nhttps://t.co/iP31eHyNjB'",Positif
"b""Suka Duka Nakes Tangani COVID-19, 'PHP' Insentif dan Positif Corona https://t.co/viBmwqEJio via @idntimes""",Positif
b'Ketua Satgas Ikatan Dokter Indonesia (IDI) Prof Zubairi Djoerban menyebut soal kemungkinan orang yang terinfeksi\xc2\xa0varian baru virus Corona\xc2\xa0meninggal dunia lebih tinggi.\nhttps://t.co/0SsIVDP7Y7 https://t.co/mpCCl2SbB2',Positif
"b'Pendahuluan\n\nHari Minggu, 28 Juni 2020 CNN Indonesia merilis berita dari istana bahwa Presiden Jokowi gusar terhadap kinerja Kementerian/ Lembaga yang bekerja biasa-biasa saja padahal bangsa ini sedang menghadapi masa krisis akibatpandemi Covid-19/Corona\n\nhttps://t.co/IHy4iol0X2 https://t.co/qExDc4YTTw'",Negatif
b'Dukung vaksinasi virus covid-19 agar Indonesia terbebas dari pandemi Corona https://t.co/OmUPIpzTBu',Positif
b'@sjatriadi1 @Candraasmara85 @Vi_MAE_ @Corona_KafirNw @buss1026btm2 @FerryNLangelo @ArisWila @helinujhoe @leonsys0305 @Ephraym9 @harihariono1 @Parapat_Nixon @MataIndonesia8 @g0bell_78 MUI Indonesia kebanyakan minum khamer makanya ngawur. MUI Srilangka yg bener dgn tutup 1000 pesantren yg diduga radikal dan pelarangan burkha. Sebelum terlambat mereka menempuh jalan yg sangat benar.',Positif
"b'OPS YUSTISI PROTOKOL KESEHATAN\n.\nBersama Kita Bisa, Indonesia Lawan Corona!\n\n#KemenPANRB\n#PelayananPublik\n#KIPP2021\n#JawaTimurBangkit\n#PolisiIndonesia\n#PolriPresisi \n\n@divisihumaspolri @humaspoldajatim @kemenpanrb @ditlantaspoldajatim @rtmcjatim @satlantasprobolinggo https://t.co/F707sTyjAe'",Netral
"b'@S4fitr1HS Dan banyak juga yang Kadrun mereka, gak percaya corona juga buanyaaak.... tapi ya sudahlah, mereka warga Indonesia juga yang butuh diberi perhatian oleh Presiden....'",Positif
"b'[WASPADA MUTASI VIRUS CORONA! ANCAMAN APA YANG DIBAWA?]\n\nVarian baru hasil mutasi virus COVID-19 sudah bermunculan di berbagai negara, salah satunya negara Indonesia. Ada tiga jenis kasus infeksi varian virus COVID-19 di Indonesia, dua di antaranya perlu dicemaskan karena (...) https://t.co/ZVeo70Sljw'",Netral
"b'Untuk Semua yang Bekerja sebagai Magang\nAda sistem yang dapat digunakan oleh magang, ketika pelaksana pemagangan meliburkan tempat kerja, apabila kena PHK, dan jika mencari pekerjaan baru akibat penyebaran virus corona jenis baru. https://t.co/2T3ifc82CI'",Positif
"b'Meskipun wabah Corona ini masih ada, namun tetap tra membuat PT Freeport Indonesia untuk berhenti berjuang bersama dengan putra-putri lokal Papua'",Netral
b'Indonesia saat ini sedang dlm keadaan mendesak berkaitan dg ancaman penularan virus corona. Fakta itu jd salah satu pertimbangan MUI membolehkan penggunaan vaksin AstraZeneca.\n#AstraZenecaLawanCorona',Netral
b'Indonesia saat ini sedang dlm keadaan mendesak berkaitan dg ancaman penularan virus corona. Fakta itu jd salah satu pertimbangan MUI membolehkan penggunaan vaksin AstraZeneca.\n#AstraZenecaLawanCorona',Netral
b'\xf0\x9f\x93\xb7 Ayo datang ke Puskesmas terdekat untuk ikut Vaksinasi Covid-19. Menuju Indonesia bebas Corona\xf0\x9f\x99\x8f\xf0\x9f\x87\xae\xf0\x9f\x87\xa9 #vaks\xc3\xacncovid19 #indonesialawancorona #pedulilindungi #lawancorona #bebascorona #IndonesiaMaju... https://t.co/GqH30ulGjH',Negatif
b'Ayo datang ke Puskesmas terdekat untuk ikut Vaksinasi Covid-19. \n\nMenuju Indonesia bebas Corona\xf0\x9f\x99\x8f\xf0\x9f\x87\xae\xf0\x9f\x87\xa9\n\n#vaks\xc3\xacncovid19 \n#indonesialawancorona \n#pedulilindungi \n#lawancorona \n#bebascorona \n#IndonesiaMaju https://t.co/JXBNDo5gWx',Netral
b'Indonesia saat ini sedang dlm keadaan mendesak berkaitan dg ancaman penularan virus corona. Fakta itu jd salah satu pertimbangan MUI membolehkan penggunaan vaksin AstraZeneca.\n#AstraZenecaLawanCorona',Netral
b'Dahsyatnya efek samping Covid-19 :\n1. Pembuat kebijakan keuangan ga boleh digugat\n2. Pembuat Vaksin ga boleh digugat.\n\nIndonesia Diminta Tak Boleh Gugat Jika Efek Vaksin Corona Membahayakan \n\nhttps://t.co/fvfZ0SaybF',Positif
"b'@dr_koko28 Sekarang gni dok\nFlu itu virus juga kan tapi org yg sakit flu di amerika cina afrika n indonesia sama aja ngga ada bedanya\nTpi anehnya corona yg di cina meninggal di jalanan kejang"" tpi coba sebutin satu saja di selain cina dgn kondisi yg sama\nTentu hal ini nyata PEMBODOHANx'",Positif
b'Dukung vaksinasi virus covid-19 agar Indonesia terbebas dari pandemi Corona. #VaksinMembawaDampakBaik https://t.co/Sivu7pFBe2',Positif
"b""https://t.co/eqbAEOGtBo\n\nVaksinasi C-19 yg dilaksanakan di Indonesia menggunakan cara injeksi. Secara syar'i vaksinasi menggunakan injeksi/suntikan ini tidak membatalkan puasa.\n\nVaksin Jalan Puasa Lancar\n#VaksinTakBatalkanPuasa""",Positif
"b'Vaksinasi Covid-19 bertujuan untuk menurunkan angka penyebaran dan kematian akibat virus corona, dan juga jika sudah divaksin, maka dapat melindungi orang orang di sekitarnya. Papua Bagian Indonesia \n#DukungDanKawalOtsus #PapuaIndonesia https://t.co/Fk9KeI73Pj'",Negatif
"b'Drama Ojol Indonesia - #KitaVsCorona\nPerjuangan melawan Corona belum usai, Grab bekerja sama dengan Ind... - https://t.co/HZ1sDtuWQZ https://t.co/ZLLMpItG4r'",Netral
"b'Ketua tim advokasi pelaksanaan vaksinasi pengurus besar ikatan dokter Indonesia (IDI), Iris Rengganis mengemukakan bahwa belum ada penelitian tentang dampak dari vaksin Corona pada Ibu hamil\n\n#VaksinMembawaDampakBaik https://t.co/vHRhIeHhxb'",Positif
"b'Update Virus Corona Indonesia: 4.396 Kasus Baru Total 1.460.184 Orang, Sulsel 59022 Positif\n\nhttps://t.co/GseDIDWJNP'",Positif
"b'Yg ngatain Yuta juara jalur corona, atau menang gara-gara Indonesia gak maen parah sih, kayak gak pernah lihat badminton.\nYuta kalau lagi bener, ada China, Korea, Indonesiapun dia tetep bisa juara, buktinya dari 2018 dia selalu masuk final. 2019 doang gak juara.'",Positif
b'gue kangen sama mereka sedangkan mereka? baik\xc2\xb2 aja di sana mereka tau kita hidup ajah kaga\xf0\x9f\x99\x82\xf0\x9f\x98\xab.kita di sini nangis karena mikir bisa ga yah kita ketemu mereka tapi pasti bisa yakin\xe2\x9d\x97yu corona selesai yu biar mereka bisa konser di indonesia semangattt nabung nyaa \xf0\x9f\xa4\x8d\xf0\x9f\xa4\xb2',Positif
"b'@AlbertSolo2 Padahal waktu menjajah Indonesia, Belanda tidak akan meninggalkan 2 bidang yaitu Kesehatan dan Pendidikan, walaupun mereka menjajah namun 2 bidang itu harus dimuliakan..skr malah mereka yg mati akal menghadapi Corona 19 ini..gimana tuh ???'",Negatif
b'Mimin mengajak seluruh masyarakat Indonesia untuk mendukung program vaksinasi Covid-19. Vaksinasi aman dan halal demi melawan penyebaran Covid-19. Bersama kita bisa melawan virus corona! https://t.co/9OYjcpsJkg',Positif
"b'Beragam Prediksi Herd Immunity, Jadinya Kapan Indonesia Bebas Corona? https://t.co/nBbbsE6ec5'",Positif
"b'UPDATE Corona Indonesia, Minggu (21/3): Tambah 4.396 kasus baru, ingat prokes https://t.co/Om6OkCP36q #Terbaru #berita #kontan #live'",Positif
b'Pemerintah India Cemas Festival Kumbh Mela Bisa Picu Lonjakan Kasus Corona https://t.co/OBacpVhahT lewat @Id-Times - Berita Indonesia Terkini - Politik | Hukum | Ekonomi | Nasional',Netral
"b'[LITERASI CERIA] \n\nSetahun berlalu, Indonesia dan seluruh dunia hingga kini masih bergelut melawan virus corona. Hal ini mendorong pemerintah untuk mengeluarkan berbagai kebijakan untuk menekan angka penyebaran virus Covid-19. https://t.co/5mJSoDFrXA'",Netral
"b'Sudahi dulu bucinmu ingat tanggal 22 maret, sainganmu sak indonesia ora sak kelas\n.\n.\n.\n.\nSemangat lulusan corona part 2 \xf0\x9f\xa4\xa3'",Positif
b'Pembatasan WNA masuk ke Indonesia untuk mengantisipasi penyebaran varian baru virus Corona B117. #WNAdilarangmasukIndonesia https://t.co/6vKfTxQ9F6',Positif
"b'Vaksin telah tersedia, tetapi jangan sampai abai Protokol Kesehatan\n\nPatuh 5M untuk Indonesia Bebas Corona\n\nKeluarga RMP\n#DoaKeluargaRMP https://t.co/pvmAIctoVW'",Positif
b'Penjaga Perbatasan Indonesia di NTT Vaksinasi Corona https://t.co/0CQQ6pEfvK https://t.co/6chkfgtGlY',Netral
b'Indonesia bangkit menuju negara maju dan sukses mencegah penyebaran virus CORONA \n\n#DoaKeluargaRMP utk keberhasilan vaksinasi nasional \n\nKeluarga RMP https://t.co/i5VIUYdFE0',Positif
"b'Update Persebaran Corona per 21 Maret 2021, Berikut Data Lengkap 34 Provinsi di Indonesia\n \nhttps://t.co/BiUp3g7Mny via @tribunnews'",Positif
"b'Jadi ya..dampak jeng Corona ini bukan cm di Indonesia aja, sedunia jg terdampak kok. Kebetulan skulaan anak gw pake kurikulum Cambridge, u ujian kls 10nya, biasanya hasil ujian anak2 dr sini itu dikirim ke Cambridge. Trus kita disini deg2an nunggu hslnya gt deh'",Negatif
"b'Waspada Mutasi Varian Baru Corona, Pemerintah Terus Batasi WNA ke Indonesia https://t.co/l4kqRaXMfW'",Negatif
"b'#Imbas Corona, Laba Perusahaan Orang Terkaya Hong Kong Anjlok - CNBC Indonesia #Corona #Korona'",Netral
b'Indonesia duduk di peringkat pertama dalam keefektifan penanganan Corona andai 84 negara lainnya tidak ada.\nSelamat. https://t.co/Nd976xpZzQ',Negatif
"b'BREAKING NEWS Kasus Corona Indonesia Per 21 Maret: Tambah 4.396 Positif, Total 1.460.814\n \nhttps://t.co/qBZcYcPkiX via @tribunnews'",Positif
"b'Update Persebaran Corona per 21 Maret 2021, Berikut Data Lengkap 34 Provinsi di Indonesia\n \nhttps://t.co/BiUp3g7Mny via @tribunnews'",Positif
b'Mari kita doakan negara Indonesia yg tercinta ini bisa melewati musibah dari virus CORONA \n\nKeluarga RMP \n#DoaKeluargaRMP https://t.co/FIqcjXzVq4',Positif
"b'Update Corona: Per 21 Maret, Jumlah Pasien Sembuh Corona Bertambah 6.065\n\nSelengkapnya di https://t.co/FBRDG8t3zA.\n\nhttps://t.co/iK3hbjNSpv\n\n#BeritaKadin #updatecorona #Corona #coronavirus #COVID19 #Kadin #KadinuntukIndonesia #KadinIndonesia https://t.co/oukAZivU8Y'",Netral
b'Indonesia harus sembuh dari Corona jangan ada bencana nasional lagi jangan ada pandemi lagi di seluruh Indonesia',Negatif
"b'#BREAKING NEWS Kasus Corona Indonesia Per 21 Maret: Tambah 4.396 Positif, Total 1.460.814 - https://t.co/wXAYvAkF5n #Corona #Korona'",Positif
"b'BREAKING NEWS Kasus Corona Indonesia Per 21 Maret: Tambah 4.396 Positif, Total 1.460.814 https://t.co/c71LE2W7YD https://t.co/KqUrC6YPvy'",Positif
b'Total kasus positif corona tembus 1.460.184\xc2\xa0 https://t.co/1gYOjk39CU',Positif
"b'Jokowi Lawan Pandemi!!\n\nVaksin merah putih ditargetkan bisa diberi ke semua umur penduduk Indonesia, sehingga pencegahan akan penyebaran corona bisa lebih maksimal https://t.co/JMWiM5WsSD'",Netral
"b'Penambahan kasus positif Covid-19 di Indonesia hari ini adalah 4.396, sehingga totalnya menjadi 1.460.184. #KAMUHARUSTAU\n\nhttps://t.co/UsXBxp811l'",Positif
b'Simalakama sekolah tatap muka di era Corona.\nSaksikan Apa Kabar Indonesia Malam live pukul 18.30 WIB hanya di tvOne &amp; live streaming di https://t.co/7Gr3a62xuQ\n#AKIMalamtvOne #diRumahNontontvOne #CariBeritaditvOne https://t.co/hcC6Ly8kkl',Positif
"b'Pandemi virus corona membuat industri sepakbola Indonesia luluh lantak, terselenggaranya Piala Menpora diharapkan bisa menjadi titik kebangkitan.\n\nhttps://t.co/S671UqyVe5'",Negatif
"b'Update Corona Indonesia 21 Maret 2021: Kasus Positif Bertambah 4.396, Berikut Rinciannya https://t.co/9WYPAXusZS'",Positif
"b'Pemerintah hingga Minggu (21/3/2021) pukul 12.00 WIB mencatat, ada 59.992 suspek terkait virus corona atau Covid-19 di Indonesia. https://t.co/5Lgiv2LmLQ'",Netral
"b'[UPDATE] Kasus Virus Corona Indonesia per 21 Maret 2021: Kasus Baru Alami Penurunan, 6.065 Orang Sembuh https://t.co/2ku8HoygEH'",Negatif
"b'#Update Virus Corona Indonesia per 21 Maret 2021, Kasus Covid-19 Melonjak Jadi 1.460.184 Jiwa - Pikiran Rakyat Solo Raya - Pikiran Rakyat #Corona #Korona'",Netral
b'Pemerintah memperbarui perkembangan data terkait penanganan Corona (COVID-19) di Indonesia. Hari ini pemerintah melaporkan tambahan 4.396 kasus baru COVID-19. https://t.co/twdjRaLj7b',Positif
"b'Data per 21 Maret 2021, pasien konfirmasi corona di Indonesia mencapai 1.460.184 orang. Jumlah pasien sembuh 1.290.790 orang dan 39.550 orang lainnya meninggal dunia. \n#BersatuLawanCovid19 #cerdascovid19 #updatecorona #updatecovid19 #corona #viruscorona #covid19 https://t.co/UYUPaxsy75'",Netral
b'@senkompusat @jokowi @lawancovid19_id @Kemenkes_RI @BNPB_Indonesia @Kemhan_RI @DivHumas_Polri @HadiKatno @AgusHannie Semoga Corona lekas sirna',Netral
b'Kementerian Kesehatan memperbaharui data harian penularan virus corona di Indonesia. #kumparanNews #jagajarak https://t.co/6XPdIXoXYj',Netral
"b'@mohmahfudmd Benar, oleh karena tangkap itu orang2 memanfaatkan media apapun  untuk menyebarkan hoax, bahwa Corona tak akan masuk Indonesia dengan joget tiktok seperti ABG  tolol, orang2 yang menyebarkan hoask tidak impor dan sebagainya. Terutama para iblis yang ada dlm sistem Indonesia.'",Negatif
"b'Gue pulang ke Indonesia dari Eropa juga pake pertimbangan, gak mau bawa Virus ke keluarga gue juga. Kehidupan gue selama Corona juga cuman rumah-kerja-supermarket-rumah. Sebelum mau pergi ke Indonesia juga pasti test Corona. Gw sangat berhati2 &amp; waspada sama nih virus.'",Positif
b'Personil Unit Sabhara Polsek Lengkong melaksanakan Pengamanan dan Pendisiplinan Protokol Kesehatan dalam rangka Mencegah Penularan Virus Corona di GPIB MALABAR\n\nKAMI BEKERJA UNTUK ANDA\nANDA DI RUMAH UNTUK SEMUA\nUNTUK INDONESIA\n#POLRIUNTUKINDONESIA\n#POLRICEGAHCORONA https://t.co/TB3L9NVY52',Netral
"b'#Imbas Corona, Laba Saudi Aramco Anjlok 44 Persen pada 2020 - CNN Indonesia #Corona #Korona'",Netral
b'Bhabinkamtibmas Polsek Lengkong melaksanakan Pengamanan dan Pendisiplinan Protokol Kesehatan dalam rangka Mencegah Penularan Virus Corona di GIA Lengkong Besar\n\nKAMI BEKERJA UNTUK ANDA\nANDA DI RUMAH UNTUK SEMUA\nUNTUK INDONESIA\n#POLRIUNTUKINDONESIA\n#POLRICEGAHCORONA https://t.co/FSAHsgjUlY',Positif
"b'pulang kampung ke Indonesia saat corona ,bye belanda!!#pulangkampung https://t.co/tgiMvAXo8H #family #familyhistory #vlogger #pulangkampung #indonesia #CoronaPandemie'",Netral
"b'pulang kampung ke Indonesia saat corona ,bye belanda!!#pulangkampung https://t.co/tgiMvAXo8H bandara terbesar eropa jd bandara berhantu #YouTube #familyvlog #pulangkampungkeindonesia https://t.co/t2WEYOOV68'",Netral
b'Berbagai prediksi terkait kapan herd immunity tercapai di RI terus bermunculan usai dimulainya vaksinasi COVID-19. Prediksi mana yang paling realistis? https://t.co/TBd1RrNB3N',Positif
b'Indomy mendominasi 20% \nSemoga pas corona berakhir Bangtan bisa konser di Indonesia.. \xf0\x9f\xa4\x97amiin\n\n#ARMYCensus https://t.co/738RCuUI7O',Netral
b'Indonesia pastikan akan gunakan vaksin Astrazeneca.\nSaksikan berita selengkapnya di Kabar Pandemi Corona live bersama Imran Tajuddin hari ini jam 15.30 WIB hanya di tvOne &amp; live streaming di https://t.co/7Gr3a5KWDi #KabarPandemitvOne #diRumahNontontvOne #CariBeritaditvOne https://t.co/ZYVBzBbOoJ',Positif
b'Indonesia saat ini sedang dlm keadaan mendesak berkaitan dg ancaman penularan virus corona. Fakta itu jd salah satu pertimbangan MUI membolehkan penggunaan vaksin AstraZeneca. #AstraZenecaLawanCorona\n\nhttps://t.co/pG4cIT0PWv',Netral
"b'@dr_koko28 Logikanya begini Pak dok...\nCoba diingat:\n\nSiapa yang bicara corona tidak mungkin masuk ke Indonesia, Corona bisa sembuh sendiri, Corona bisa dihadapi dgn minum jamu dan makan tauge\nAyo prof @mohmahfudmd'",Negatif
b'Kalau pemerintah mengakui indonesia terbaik. \nBuzzer mengakui indonesia terbaik seluruh dunia. \nMengakui diri sendiri biasanya ada keanehan. \n https://t.co/SsTvlQrS3p',Positif
"b'@BadmintonLive1 ya manatau seperti Italian Junior 2020 min, tinggal semifinal/final eh dibatalin krn corona merebak di sana padahal banyak junior Indonesia yg melaju. ya kan manatau di AE 2021 ini terjadi juga wkwkwk jahatnya pikiranku ini\xf0\x9f\xa4\xa3\xf0\x9f\xa4\xa3'",Negatif
b'Berbagai prediksi terkait kapan herd immunity tercapai di Indonesia terus bermunculan usai dimulainya vaksinasi COVID-19. Prediksi mana yang paling realistis? https://t.co/n6qxuV9F6q',Positif
"b'Ketua Tim Advokasi Pelaksanaan Vaksinasi Pengurus Besar Ikatan Dokter Indonesia (IDI), Iris Rengganis mengemukakan belum ada penelitian terhadap pengaruh Vaksin COVID-19 bagi ibu hamil terhadap bayi yang dilahirkan.\n\nhttps://t.co/NlQ5sFquvr'",Positif
"b'Kasus\xc2\xa0varian baru Corona\xc2\xa0terus bertambah di Indonesia. Teranyar, Menteri Kesehatan Budi Gunadi Sadikin menyebut satu kasus impor Corona B117 datang dari Afrika.\nhttps://t.co/rwvHBtcToe https://t.co/wvRcp9IPtR'",Positif
b'@erry_ajah Sedangkan di Indonesia malahan kurang kompak untuk bikin vaksin mandiri \xf0\x9f\x98\xb7\nhttps://t.co/bczsdq82q3',Negatif
b'Indonesia Diminta Tak Boleh Gugat Jika Efek Vaksin Corona Membahayakan https://t.co/XMYyv64TvR',Negatif
"b'Menurut survei Jakpat, sebanyak 70,3% responden menyatakan konsumsi internet selama pandemi meningkat. #Databoks\n https://t.co/YHDMXO7CcK'",Netral
"b'Tinggalkan Inggris Sore Ini Alhamdulillah, Seluruh Tim Bulutangkis Indonesia Negatif Covid\n\n#badminton #bulutangkis #England\n#AllEngland #AllEngland2021 #AllEnglandOpen2021 #Corona #coronavirus #COVID19 #Covid_19 #COVID #RakyatMerdeka #RMid \n\nhttps://t.co/Ppu1wk35p6'",Negatif
"b'Waspada Mutasi Virus Corona, Pemerintah Batasi WNA Masuk Indonesia https://t.co/O5NXUcSkOo https://t.co/4NQuHfZfSr'",Positif
"b'Waspada Mutasi Virus Corona, Pemerintah Batasi WNA Masuk Indonesia: Pemerintah terus membatasi masuknya warga negara asing (WNA) guna mewaspadai penyebaran Virus Covid-19. Terutama untuk mengantisipasi masuknya varian baru virus corona. ""Varian baru ini\xe2\x80\xa6 https://t.co/5iH4j6HXoh'",Positif
"b'Dear media di Indonesia, coba deh nonton ini. Tentang vaksin covid. Biar ga beritain ""Sudah divaksin 2x, si fulan positif corona"" melulu.\n\nhttps://t.co/FrOd4RN9Io'",Positif
b'Indonesia saat ini sedang dlm keadaan mendesak berkaitan dg ancaman penularan virus corona. Fakta itu jd salah satu pertimbangan MUI membolehkan penggunaan vaksin AstraZeneca.\n\nhttps://t.co/nT3T8mCGiJ #AstraZenecaLawanCorona',Netral
"b'Indonesia saat ini sdng dlm keadaan mndesak berkaitn dg ancamn penularan virus corona. Fakta itu jd slh satu prtimbangn MUI mmbolehkn penggunaan vaksin AstraZeneca. Fatwa MUI ttg hal ini pun sdh keluar, jd tdk prlu dperdebatkn lagi. #AstraZenecaLawanCorona\nhttps://t.co/RdI1J5vApl'",Netral
b'.Indonesia saat ini sedang dlm keadaan mendesak berkaitan dg ancaman penularan virus corona. Fakta itu jd salah satu pertimbangan MUI membolehkan penggunaan vaksin AstraZeneca. \nhttps://t.co/iO9PMdfMGK\n\n #AstraZenecaLawanCorona',Netral
b'Pengendalian masuknya orang dari luar negeri mengacu Surat Edaran Nomor 8 Tahun 2021. https://t.co/XaFx3o4HL5',Netral
b'Bantu penelitian kami mengenai kualitas hidup anak &amp; remaja Indonesia (10-18 tahun) selama pandemi corona dengan isi kuesioner di bawah ini yuk\xf0\x9f\x98\x8a\xf0\x9f\x91\x87\xf0\x9f\x8f\xbc\nhttps://t.co/DQtizLIRZG https://t.co/sivoBRSa4h',Netral
"b'@indozonemedia Dan yg perlu di catat, Indonesia pulang juga dengan hasil NEGATIF CORONA,ingat itu, official &amp; seluruh pemain kita sehat,gak ada yg menular kan,jadi alasan apa lagi untuk membuktikan kalo pemain kita layak di WO\xf0\x9f\xa4\x94\xf0\x9f\xa4\xab\xf0\x9f\x98\x8f'",Positif
"b'Kalo ga corona,yakin gw nct bolak balik ke Indonesia'",Positif
"b'Semoga corona ini segera pergi, dan bisa ada konser mereka lagi di indonesia..aminn,, semoga @bts_bighit @BigHitEnt @BTS_twt liat ya, dan indonesai masuk list tour konser mereka,,\xf0\x9f\x99\x8f\xf0\x9f\x99\x8f \nSemangat INDOMY,,sayang BTS,sayang ARMY,sayang INDOMY semua,,\xf0\x9f\x92\x9c\xf0\x9f\x92\x9c\xf0\x9f\x92\x9c\xf0\x9f\x98\x98\xf0\x9f\x98\x98\xf0\x9f\x98\x98\xf0\x9f\x98\x98\n#ARMYCensus'",Netral
b'@tonimalakian Modelling cengengesan.\n\xf0\x9f\x98\xb9\xf0\x9f\x98\xb9\xf0\x9f\x98\xb9\nhttps://t.co/FEUOjRZdua',Netral
"b'@KompasBola Untuk bwf &amp; nhc,dengar &amp; lihat baik baik ya, official timnas Indonesia hari ini pulang dengan membawa kemenangan &amp; tentu nya NEGATIF CORONA,ingat itu\xf0\x9f\x98\x8f\xf0\x9f\x91\x8a\xf0\x9f\x87\xb2\xf0\x9f\x87\xa8\xf0\x9f\x91\x8d\xf0\x9f\x92\xaa'",Positif
b'faedahnya sejak corona ada warga indonesia beralih menjadi tentara online sosmed.. ada apa2 serang spam dll',Positif
"b'WNI Idap Corona di Singapura, Indonesia Perketat Akses Masuk   Khil4f4h Janji Allah   .\xe2\x9c\x85. #zRKcG https://t.co/GnNZ4mxuHb'",Netral
b'Wah! Ini Yang Terjadi Bila Lockdown Terjadi Di Indonesia Karena Virus Corona! - https://t.co/PHKhwMuMlm https://t.co/1DrmBKBqol',Netral
b'Penyebaran Covid-19 di dunia masih terus bertambah dari hari ke hari. Berikut kabar terbaru Covid-19 secara global termasuk dari Indonesia dan WHO. https://t.co/041JSlVKmB',Positif
"b'Balap sepeda masih harus digelar virtual di tengah pandemi virus corona. Perusahaan asuransi, Prudential Indonesia, kembali menggelar untuk dua tahun beruntun. https://t.co/kiNkSRdIWK'",Netral
b'@AngelycaNayoan https://t.co/zleE87Kwp9 ini ulamanya siapa sih . Tukang nipu kayak gini gak merasa salah membahayakan nyawa orang lain. Dibanding Ahok jauh beda kemana mana. Lagian nasib Indonesia gak ditentukan oleh si tukang tipu ini.',Negatif
"b'Berdasar survei CSIS Indonesia, masih ada sekitar 29,5 persen warga DIY yang tidak percaya kemanjuran\xc2\xa0vaksin Covida-19\n#COVID19 #COVID__19 #COVID\xe3\x83\xbc19 #coronavirus #COVID #CoronaUpdate #Covid_19 #Corona #VirusCorona #updatecorona #pakaimasker\nhttps://t.co/lP51oaZQRl'",Netral
"b'Yuk kita sama-sama mendukung program pemerintah untuk vaksinasi Covid-19 di Indonesia. Bersama kita bisa melawan penyebaran virus corona, vaksinasi aman dan halal. https://t.co/1gx41W8hOh'",Positif
"b'Terbanyak di Jakarta, ini sebaran 5.656 kasus baru Corona di Indonesia. https://t.co/PXeWZZ6erg'",Positif
b'Dear @BTS_twt kalau dah ga ada Corona masukin Indonesia ke list tour konser yah #ARMYCensus Kim Namjoon Kim Seokjin min Yoongi Jung Hoseok Park Jimin Kim Taehyung jeon Jungkook https://t.co/TUBkJi7113',Netral
"b'Varian Corona Ini Sudah Lama di Indonesia, Menkes: Tak Jadi Perhatian WHO https://t.co/WokFaWIx9M klik y'",Negatif
"b'@hainilulu @25K @abimanyu_azlan @acnewbie harapanku, semoga tahun ini virus corona segera musnah dari Indonesia sehingga Indonesia kembali normal seperti tahun\xc2\xb2 sebelumnya \xf0\x9f\xa4\xb2\xf0\x9f\x8f\xbb\xe2\x98\xba\xef\xb8\x8f'",Negatif
"b'Varian Corona Ini Sudah Lama di Indonesia, Menkes: Tak menjadi Perhatian WHO https://t.co/ssBGMF0toW #Terbaru #berita #live #nusantara'",Positif
"b""Kenyataan'a banyak sekali WNA yg datang ke Indonesia membawa surat bebas covid tapi ternyata terpapar covid\nJd sudah tepat pemerintah melakukan kebijakan untuk tes ulang saat masuk ke indonesia\n\n https://t.co/Lsm0hrzDb2 https://t.co/MBzWL86TVu""",Positif
"b'Cina, atau Malaysia?"" ya sebab mereka bingung bedain wajah-wajah orang Asia yang menurut mereka mirip.\n\nSetelah tahu saya dari Indo, mereka langsung mengangguk-ngangguk dan sontak berceletuk ""Corona bukan dari mereka (Indonesia) ya,"" entah kenapa saya agak lega dengernya. Soalnya'",Negatif
"b'Varian Corona Ini Sudah Lama di Indonesia, Menkes: Tak Jadi Perhatian WHO https://t.co/QlI7Drau6n'",Negatif
"b'Varian Corona Ini Sudah Lama di Indonesia, Menkes: Tak Jadi Perhatian WHO https://t.co/5y5xxR9xw9 #TempoTekno'",Negatif
"b'@WagimanDeep212_ Mrka bkn tkut soal corona, tp Takut Indonesia menang mbieb \xf0\x9f\x98\x81'",Positif
"b'@Roehaye Semoga Indonesia  lekas terbebas dari Corona, lekaz bangkit, ekonomi meningkat dan selalu amn, damai dan sentosa \n@SoniaFirdausy \n@riego_chi \n@saya \n@Dzaky_nugraha01'",Positif
"b'Next di bidang pendidikan yang gua rasa pendidikan di masa corona ini kaya kurang pas aja gitu, entah mengapa kaya sistem ini tuh ya gk cocok buat di lakuin di INDONESIA, ya pas sekolah biasa aja ada sebagian murid yang gk terlalu fokus ama pelajarannya'",Positif
"b'Salah satu pemain dari turki kalau gk salah pdhl satu pesawat tapi kenapa dia malah di ijinkan bertanding. Ya itulah dua juga gk tau kenapa\xf0\x9f\x99\x84\xf0\x9f\x98\x84, and entahlah gua kaya ga terlalu percaya aja ama kasus positif corona di Indonesia ini, seperti ditambah2kan gitu ,media pun malah'",Positif
"b'Dan juga tentunya untuk yang mau bekerja keluar negeri pun jadi terhambat ya karena INDONESIA menjadi salah satu negara yang kasus CORONA nya bisa dibilang cukup tinggi ,dan negara lain pun jadi lebih berhati-hati dengan negara kita ya itu berdampak kepada itulah jadi negara lain'",Positif
b'@judajiwa @e100ss @KominfoJatim @BNPB_Indonesia Makanya itu mas serasa ngak adil aja. Macam corona tau mana milih orang yang bisa di suspekin',Positif
b'Komisi Fatwa Majelis Ulama Indonesia Lampu Hijau Penggunaan ASTRAZENECA\n\nMengingat Vaksin dinilai merupakan salah satu upaya MENGENDALIKAN pandemi Virus Corona. https://t.co/XBF7Bns1F4',Positif
b'Vaksin Corona Sinovac Dipastikan Halal\n\nHal ini disampaikan baik oleh Badan Pengawas Obat dan Makanan (BPOM) dan dipertegas fatwa Majelis Ulama Indonesia. https://t.co/5BCSAyx9US',Positif
b'@Cobeh09 Di Indonesia banyak perokok aktif maupun pasif tapi Corona tetap merajalela mas agus',Positif
"b'Balap sepeda masih harus digelar virtual di tengah pandemi virus corona. Perusahaan asuransi, Prudential Indonesia, kembali menggelar untuk dua tahun beruntun. https://t.co/W0VXKB63p9'",Netral
b'Sebaran Kasus Corona Per 19 Maret di Indonesia https://t.co/UAvuc10aIo https://t.co/FX8uhMgMCm',Netral
b'Pelatih Timnas Indonesia Shin Tae-yong Positif\xc2\xa0Corona https://t.co/1Gy6O3XUMQ',Positif
b'Mudah2x an Tim Bulutangkis Indonesia yg ke Orleans Masters 2021 aman dari yg namanya Corona Virus dkk nya.. Amin \xf0\x9f\x99\x8f\xf0\x9f\x99\x8f\xf0\x9f\x99\x8f #badminton #Orleansmasters2021 https://t.co/iYfi64rucv',Positif
"b'Update Data Terbaru Virus Corona di Indonesia Hari ini, Pasien Sembuh Bertambah 5.760 orang https://t.co/3EXEkHyoql https://t.co/pt01UDZKd5'",Positif
"b'Update Data Terbaru Virus Corona di Indonesia Hari ini, Pasien Sembuh Bertambah 5.760 orang https://t.co/7OgDTH6SZ4'",Positif
"b'Hingga hari ini, ada 131.616 kasus aktif Corona di Indonesia https://t.co/FQouEKOktS #Terbaru #berita #kontan #live'",Positif
"b'UPDATE Corona Indonesia, Sabtu (20/3): Tambah 5.656 kasus baru, selalu jaga jarak! https://t.co/zgDt3zScaL #Terbaru #berita #kontan #live'",Positif
b'Pandemi virus corona mendorong percepatan pembangunan infrastruktur teknologi informasi dan komunikasi di Indonesia. #TheFalconAndTheWinterSoldier #FokusPulihkanBangsa https://t.co/3ouTWZXSKO',Netral
"b'Bagi Kami di Indonesia yg namanya Vaksin AstraZeneca sdh di Haramkan oleh @MUIPusat titik\nApe lo ape loooo..\nBabiiiiiiiiiiiiiiiiiiii itu emng Harammmm.\xe2\x80\xbc\xef\xb8\x8f\xe2\x80\xbc\xef\xb8\x8f\xf0\x9f\x90\xb7\xf0\x9f\x90\xb7\xf0\x9f\x90\xb7\xf0\x9f\x90\xb7\xf0\x9f\x90\xb7\nMeski Mengandung Babi, Sejumlah Negara Mayoritas Muslim Tetap Pesan Vaksin AstraZeneca https://t.co/ZmGDiGGYX0'",Positif
b'Pandemi virus corona mendorong percepatan pembangunan infrastruktur teknologi informasi dan komunikasi di Indonesia. #TheFalconAndTheWinterSoldier #FokusPulihkanBangsa https://t.co/A434ecOD3Q',Netral
b'Ini Tipe Orang Indonesia Merespon Virus Corona COVID19 - https://t.co/wxisKK2M1K https://t.co/fIntrTctTs',Netral
b'Paru-Paru akan Rusak jika Terpapar Virus Corona? | Indonesia Sehat https://t.co/te2BnA6Geo',Positif
b'Data Terkini Korban Virus Corona di Indonesia pada Maret 2021 https://t.co/6GO4ZPvcf6 #Terbaru #berita #live #merdeka',Positif
"b'UPDATE Corona Indonesia, Sabtu (20/3): Tambah 5.656 kasus baru, selalu jaga jarak. \xc2\xa0 @kontanNews https://t.co/1ZGkSe86Km'",Positif
"b'#Staf Positif Corona, Klub Mewah Milik Trump Ditutup Sebagian - CNN Indonesia #Corona #Korona'",Positif
"b'Malming malming eek yeontan! liat noh corona masih merajalela di indonesia, masih aja lu nongkrong kumpul2 sana sini. Miris'",Negatif
b'@KinandLarasati @Corona_KafirNw Indonesia piye yo https://t.co/wtPVwBKbJN',Netral
"b'Update Corona: Per 20 Maret, Kasus Corona di Indonesia Bertambah 5.656 kasus\n\nSelengkapnya di https://t.co/tAj5F9zaLa.\n\nhttps://t.co/iK3hbjNSpv\n\n#BeritaKadin #updatecorona #Corona #coronavirus #COVID19 #Kadin #KadinuntukIndonesia #KadinIndonesia https://t.co/ygvVFZNxmR'",Netral
b'Kasus baru Covid-19 di Indonesia bertambah 5.656 orang pada Sabtu (20/03). DKI Jakarta menyumbang kasus paling tinggi yaitu 1.937 orang.\n\nhttps://t.co/dD1v7EJ6vg',Positif
"b'#Update Corona RI, Total Kasus Dekati 1,5 Juta Orang News - CNBC Indonesia #Corona #Korona'",Netral
"b'#Positif Corona di Indonesia Jadi 1.455.788, 1.284.725 Orang Sembuh - https://t.co/a9UAqtga5f #Corona #Korona'",Positif
b'@justteeendager pake bahasa korea ya? aku dengernya corona indonesia dong\xf0\x9f\xa5\xb2\xf0\x9f\xa5\xb2',Positif
"b'Shin Tae-Yong Kena Virus Corona, Kabar Baiknya Skuad Timnas Indonesia Negatif #BukanBeritaBiasa \n\nhttps://t.co/tCDs7YBOZl'",Positif
"b'Hingga 20 Maret 2021, Positif Corona di Indonesia Capai 1.455.788 Kasus https://t.co/YPyKFfH3vG'",Positif
b'R.I.P BWF\nWAJARLAH KARENA TEAM MERAH PUTIH ADALAH TEAM UNGGULAN \nBUKAN TAKUT CORONA\nTAPI TAKUT DENGAN TEAM INDONESIA\n#BOIKOTALLENGLAND\n#BOIKOTBWF \xf0\x9f\x98\xa1\xf0\x9f\x98\xa1\xf0\x9f\x98\xa1\n#CancelAllEngland2021',Positif
"b'Update Kasus Covid 20 Maret 2021: Positif 5.656, Sembuh 5.760 dan Meninggal 108: Kasus positif Covid-19 di Indonesia masih bertambah. Pada hari Sabtu (20/3) ini, ada 5.656 orang yang terinfeksi virus corona. Sehingga, secara akumulatif total kasus corona\xe2\x80\xa6 https://t.co/QJnk9Orr4E'",Positif
"b'#UPDATE Corona Indonesia, Sabtu (20/3): Tambah 5.656 kasus baru, selalu jaga jarak! - Kontan #Corona #Korona'",Positif
b'#[UPDATE] Virus Corona di Indonesia per 20 Maret 2021: Kasus Aktif Turun Jadi 131.616 Pasien - https://t.co/7Iwj2T0CkO - Pikiran Rakyat #Corona #Korona',Negatif
b'#PM Pakistan Positif Corona Dua Hari Usai Divaksin Sinopharm - CNN Indonesia #Corona #Korona',Positif
b'Kalo mereka orang Indonesia pasti udah dijadiin duta corona sama pemerintah. \nhttps://t.co/pfOGwnmZ0H',Positif
b'Sebaran Kasus Corona Per 19 Maret di Indonesia https://t.co/4oykQ9UUXN https://t.co/xzVWb3AzFw',Netral
b'[UPDATE] Virus Corona di Indonesia per 20 Maret 2021: Kasus Aktif Turun Jadi 131.616 Pasien https://t.co/fdqs5jARng',Negatif
"b'Data per 20  Maret 2021, pasien konfirmasi corona di Indonesia mencapai 1.455.788  orang. Jumlah pasien sembuh 1.284.725  orang dan 39.447  orang lainnya meninggal dunia. \n#BersatuLawanCovid19 #cerdascovid19 #updatecorona #updatecovid19 #corona #viruscorona #covid19 https://t.co/xsqx8Fvdo1'",Netral
"b'BREAKING NEWS Update Corona Indonesia 20 Maret 2021: Tambah 5.656 Kasus, Total 1.455.788 Positif\n \nhttps://t.co/666lw8Ijdf'",Positif
"b'BREAKING NEWS: Update Kasus Corona di Indonesia per 20 Maret 2021, +5.760 Orang Sembuh\n#updatecorona #coronaindonesia #updatecovid #corona #COVID19 #COVID \nhttps://t.co/lmPuoR33cu'",Netral
b'Hari ini pemerintah melaporkan tambahan 5.656 kasus baru COVID-19. Total kasus COVID-19 di Indonesia menjadi 1.455.788. https://t.co/UPxbIrZno6',Positif
"b'Per Sabtu (20/3), kasus COVID-19 di Indonesia bertambah 5.656 orang. #kumparanNews https://t.co/fo5NJN7fld'",Netral
"b'Pelatih Timnas Indonesia Shin Tae-yong dinyatakan positif virus Corona (Covid-19). Menurut PSSI, Tae-yong sebelumnya mengeluhkan tidak enak badan. https://t.co/ka1NUwalJd'",Negatif
"b'@dr_koko28 Iya tega banget, masih aja ada org yg berburuk sangka dgn nakes yg sdh bekerja penuh resiko. Pdhl nakes Indonesia terbanyak yg mnjd korban keganasan Corona.'",Positif
"b'#Shin Tae-Yong Kena Virus Corona, Kabar Baiknya Skuad Timnas Indonesia Negatif - https://t.co/h6dFwk82QT #Corona #Korona'",Positif
"b'Bulan maret 2020 corona masuk ke indonesia, dan lockdown pun terjadi, mengakibatkan sektor pariwisata hancur. Saya bekerja di tour and travel, dan bulan maret itu pun kantor kami terkena dampak corona. Kantor tutup, tidak ada kegiatan sama sekali.'",Negatif
"b'Mutasi virus Corona B117 yang ditemukan di Indonesia berawal dari dua kasus di Karawang, Jawa Barat.\xc2\xa0Simak selengkapnya di #Insight with @desianwar, hari ini pukul 20.30 WIB hanya di https://t.co/ns6OyEQkD6! https://t.co/dI7c7Uerxi'",Positif
b'Spotlight: Lebih dari 15 Ribu Perawat di Indonesia Terjangkit Corona https://t.co/REhdfFNJ0Q https://t.co/WF68MDLvPo',Positif
"b'@ZamidPermadhi @e100ss Beberapa tahun nanti, disaat semua negara\xc2\xb2 lain mengumumkan bahwa CORONA udah lenyap\nTapi...\ndi INDONESIA .. masih ada BERITA UpDate KASUS POSITIF COVID-19, COVID-B117, COVID-DLL, COVID-DKK, COVID-SOS, COVID-SIP, COVIDkadrun\n\nSo.. liat aja kelak\xf0\x9f\x98\x9d'",Negatif
b'yuk kita vaksin dari sekarang untuk indonesia yang lebih sehat bebas dari ancaman Corona #Waspada #mutasibaru #Vaksinasi #TetapDirumahAja https://t.co/uTn8h8IhKF',Positif
b'Yuk kita dukung program pemerintah dalam melawan corona dengan vaksinasi! Indonesia sehat kuat tanpa corona  #Waspada #mutasibaru #Vaksinasi #TetapDirumahAja https://t.co/xY6syByHhu',Positif
"b'penyebaran Corona B117 sudah menyebar sampai Indonesia, jangan khawatir ktia perlu meningkatkan kewaspadaan untuk mencegah penularan virus ini!  #Waspada #mutasibaru #Vaksinasi #TetapDirumahAja https://t.co/3fofblgoNW'",Netral
"b'yuk kita dukung program vaksinasi, Indonesia bisa tanpa Corona!  #Waspada #mutasibaru #Vaksinasi #TetapDirumahAja https://t.co/9Ydsq3SmqL'",Netral
"b'Shin Tae-Yong Kena Virus Corona, Kabar Baiknya Skuad Timnas Indonesia Negatif https://t.co/c8UZFW6byF baca juga berita lainnya di https://t.co/GkwQxScnBB https://t.co/53PD2FHV4Z'",Positif
"b'Waspada jenis corona baru B117 yang lebih menular, tapi kita tidak perlu takut Yuk Indonesia Bisa melawan Covid 19! mari sukseskan program vaksinasi untuk indonesia sehat #Waspada #mutasibaru #Vaksinasi #TetapDirumahAja https://t.co/YidCm4GNEc'",Positif
b'Bhabinkamtibmas Polsek Lengkong Launching Komunitas Tohaga Lodaya Komunitas Karyawan JG Motor Asia Afrika dalam rangka Mencegah Penularan Virus Corona. \n\nKAMI BEKERJA UNTUK ANDA\nANDA DI RUMAH UNTUK SEMUA\nUNTUK INDONESIA\n#POLRIUNTUKINDONESIA\n#POLRICEGAHCORONA https://t.co/ER3jt8SovS',Netral
b'Bhabinkamtibmas Polsek Lengkong Launching Komunitas Tohaga Lodaya Komunitas Senam Lansia  dalam rangka Mencegah Penularan Virus Corona. \n\nKAMI BEKERJA UNTUK ANDA\nANDA DI RUMAH UNTUK SEMUA\nUNTUK INDONESIA\n#POLRIUNTUKINDONESIA\n#POLRICEGAHCORONA https://t.co/0FqABPYqKA',Netral
b'Bhabinkamtibmas Polsek Lengkong Launching Komunitas Tohaga Lodaya Komunitas AGAM RAIDERS  dalam rangka Mencegah Penularan Virus Corona. \n\nKAMI BEKERJA UNTUK ANDA\nANDA DI RUMAH UNTUK SEMUA\nUNTUK INDONESIA\n#POLRIUNTUKINDONESIA\n#POLRICEGAHCORONA https://t.co/KQvUoEWh4P',Netral
"b'Ketua Umum Palang Merah Indonesia (PMI) HM Jusuf Kalla menyatakan masyarakat harus melakukan vaksinasi jika tidak ingin terinfeksi wabah virus corona (COVID-19), yang masih belum diketahui kapan akan berakhir.\n#VaksinasiNasional https://t.co/mFZFidXLb4'",Negatif
"b'@Corona_KafirNw Golek pekoro, ojog"" trikE kadrun buat adu domba Malay n Indo, Malay butuh wilayah tambahan n pingin budaya Indonesia to'",Netral
"b'4. Dari hasil komunikasi dengan pihak-pihak terkait, Desra Percaya menyimpulkan BWF dan panita All England 2021 tidak becus menyelenggarakan turnamen pada masa pandemi virus corona - #AllEngland2021\nhttps://t.co/f0u1M5x5Bb'",Netral
"b'Persatuan Sepak Bola Seluruh Indonesia (PSSI) memastikan pelatih tim nasional (timnas) Indonesia, Shin Tae-yong terinfeksi virus Corona. #KAMUHARUSTAU #ShinTaeyong #PSSI\n\nhttps://t.co/Jx8TJAJXjb'",Positif
"b'@Corona_KafirNw Buat apa memang membangun satu negara dgn semenanjung yg hanya mau menang sendiri baik dlm program ekonomi maupun intoleransi dlm beragama dgn agama yg selalu merasa di zalimi padahal sebaliknya, satu hal dan bukti nyata yg jg sedang berlaku di Indonesia'",Positif
b'Pelatih Timnas Indonesia Shin Tae-yong Positif Corona https://t.co/TwVnP3Ys0c',Positif
"b'@ElFaani @emriipanjohur @cholilnafis Ga nyimak berita ya? Negara2 yg duluan alami pandemi parah kan Iran &amp; Italia. Makanya dua negara itu yg duluan dicekal. Indonesia sejak Februari juga dah pulangkan turis RRC..\n\nhttps://t.co/7KufUIePxI\n\nItu sblm kasus positif pertama lho.\n\nTuh, beda dg hoax yg kmu dapet kan..'",Positif
b'Sebaran Kasus Corona Per 19 Maret di Indonesia https://t.co/LCvEhLfb4P https://t.co/2ULx0uWshr',Netral
b'Sebaran Kasus Corona Per 19 Maret di Indonesia https://t.co/rYRm469NWF',Netral
"b'Pelatih timnas Indonesia, Shin Tae-yong, dipastikan positif terinfeksi virus corona atau Covid-19, Jumat (19/3/2021) malam WIB. https://t.co/z9M0Au8ExL'",Positif
"b'@pemburukebenara @Putrimi51188295 @ReflyHZ Kwkwkkw.....di indonesia nampaknya jenis coronanya,corona antiq,hanya mau ama kerumunan hajatan dan hanya mau amq hrs..'",Positif
"b'Tim Bulutangkis All England 2021 Indonesia bakal kembali ke Tanah Air pada Minggu (21/3), setelah dipaksa mundur akibat diwajibkan isolasi karena satu pesawat dengan penumpang yang terinfeksi virus corona. https://t.co/UcxK58cwBX'",Negatif
"b'Ini Negara Paling Bahagia di Dunia selama Pandemi Corona, Bagaimana Indonesia?\n\n#NegaraPalingBahagia #Pandemi  #COVID19 https://t.co/t62psGWW8y'",Netral
"b'Tes Corona di Indonesia bertambah satu lagi, kali ini melalui Saliva atau ludah. #Saliva https://t.co/WrgeCvMpyO'",Positif
"b'Persentase Pasien Sembuh Corona di Indonesia Capai 88,2 Persen https://t.co/RzHjpCIu4U'",Netral
"b'Tim Bulutangkis All England 2021 Indonesia bakal kembali ke Tanah Air pada Minggu (21/3), setelah dipaksa mundur akibat diwajibkan isolasi karena satu pesawat dengan penumpang yang terinfeksi virus corona. https://t.co/C3Y2aoGWIs'",Negatif
b'Alhamdulillah program vaksinasi massal berjalan lancar amiinn \xf0\x9f\xa4\xb2. Indonesia jauh dari virus Corona. https://t.co/RYxHu22ttA https://t.co/gyjzuGmU3h',Positif
b'Teman-temanku seluruh rakyat Indonesia patuhilah protokol kesehatan 3 m mencuci tangan menjaga jarak dan memakai masker untuk mencegah menyebarkan virus Corona biar Indonesia kembali pulih seperti dahulu. #Kovid19  #Indonesia @CNNIndonesia @detikcom @',Netral
b'#BUBARKANMUI...@harihariono1 @chirping_magpie @djokoAdv @cagubnyinyir2  dukung partai masa depan anak bangsa PTI (PARTAI TWITTER INDONESIA) @Ephraym9 @Corona_KafirNw @DhimazAriya @NGOBUSH35 @Argo00449750 @Ruslam42 @Salim_Semm @66wine @amandagempita https://t.co/LxqFPjqsul',Netral
"b'@sholah_afaf Nitip doa gus corona cpt hilang,negara indonesia aman damai dan sejahtera rakyat rukun\xc2\xb2'",Netral
b'@BadmintonTalk @INABadminton @KBRILondon @Kemlu_RI @KemenporaRI Terima kasih pemerintah Indonesia sudah mau membantu mereka keluar dari NEGARA PENGHASIL VIRUS CORONA B117',Netral
b'@AdhieMassardi Knp gak kordinir doa agar si Corona dan covid 19 sgr enyah dari Indonesia.....dan rakyat lebih merdeka dlm berpendapat dan berpendapatan.Aamiin yra',Positif
b'Ya Allah semoga virus Corona hilang di Indonesia #indonesiaviral',Netral
"b""Secara syar'i, menurut MUI, vaksinasi menggunakan injeksi tidak membatalkan puasa. Kita bisa ikuti  fatwa MUI tsb utk berkontribusi dlm membentuk herd immunity melalui vaksinasi. Dg begitu, Indonesia bisa bebas dr pandemi Covid-19.\n#VaksinBulanPuasa \n\nhttps://t.co/4Ti9V0VEin""",Positif
"b'Tidak perlu ragu soal vaksinasi Covid-19 saat bulan Ramadan. Melalui fatwa terbarunya, Majelis Ulama Indonesia (MUI) memperbolehkan hal itu &amp; memberikan beberapa rekomendasi vaksinasi aman saat bulan puasa.\n#VaksinBulanPuasa \n\nhttps://t.co/4Ti9V0VEin'",Positif
"b'@CNNIndonesia Ini bener"" takut karna corona? Apa takut karna para pemain indonesia bakal menang mulu?:v'",Negatif
b'bagaimana sektor pariwisata indonesia bertahan di tengah pandemi corona',Netral
"b""Secara syar'i, menurut MUI, vaksinasi menggunakan injeksi tidak membatalkan puasa. Kita bisa ikuti  fatwa MUI tsb utk berkontribusi dlm membentuk herd immunity melalui vaksinasi. Dg begitu, Indonesia bisa bebas dr pandemi Covid-19.\n#VaksinBulanPuasa \n\nhttps://t.co/SxnqueRsRR""",Positif
"b'Tidak perlu ragu soal vaksinasi Covid-19 saat bulan Ramadan. Melalui fatwa terbarunya, Majelis Ulama Indonesia (MUI) memperbolehkan hal itu &amp; memberikan beberapa rekomendasi vaksinasi aman saat bulan puasa.\n#VaksinBulanPuasa \n\nhttps://t.co/SxnqueRsRR'",Positif
b'vaksin covid-19 dipercaya masih ampuh cegah penularan virus Corona B117\n#vaksin #sinovachalal #vaks\xc3\xacncovid19 #vaksingratisutkrakyat #covid19indonesia #Covid19 #lfl #likeforlikes #Jokowi #Indonesia #IndonesiaMaju https://t.co/PzuoVS6Yow',Positif
"b'Sputnik V vaccine gunakan bahan dasar adenovirus 26, 5 u/angkut potongan materi genetik corona,ya hampir sama dgn jenis cansino bio,dan astra Z\xf0\x9f\x91\x8dhope Uncle Putin can help Indonesia,to sell and distribute it to Ind at a price that is not expensive @KremlinRussia_E @KemenkesRI https://t.co/JUo66Cxn2N'",Negatif
b'Kami sangat mengapresiasi langkah pemerintah Indonesia yg telah mengambil langkah tegas sebagai salah satu dari sedikit Negara berkembang yg sudah berani memulai program vaksinasi virus Corona.\n\nWHO Apresiasi Indonesia\n#VaksinSuksesAkhiriPandemi https://t.co/HD0YX4yPiz',Negatif
"b'Vaksin AstraZeneca, Vaksin Virus Corona produk asal Korea Selatan ini disebutkan mengandung unsur Babi. Namun karena mengingat dalam kondisi darurat, status haramnya menjadi gugur.\n\nJika ada yang halal, utamakan yang halal \xf0\x9f\x99\x8f\n\nWHO Apresiasi Indonesia\n#VaksinSuksesAkhiriPandemi https://t.co/DWFTdfWXA0'",Netral
b'WHO Apresiasi Indonesia\n#VaksinSuksesAkhiriPandemi \nIndonesia adalah salah satu negara yg mendapatkan apresiasi terkait penanganan vaksin corona...\nNegara luar saja banyak mengapresiasi masak kita yg anak bangsa sendiri kalah sm org luar ...\nApa ga malu yg sering nyinyir \xf0\x9f\x98\xa4\xf0\x9f\x98\xa4 https://t.co/6v65qvfjtA',Netral
b'WHO Apresiasi Indonesia\nDalam solidaritas global terkait penanganan vaksin virus corona tipe Baru.\n\n#VaksinSuksesAkhiriPandemi https://t.co/Lr2hlWz5xU',Positif
b'Perwakilan Organisasi Kesehatan Dunia (WHO) Navaratnasamy P.\n\nMengapresiasi Indonesia solidaritas global terkait vaksin virus Corona tipe baru atau Covid-19.\n\nWHO Apresiasi Indonesia\n#VaksinSuksesAkhiriPandemi https://t.co/ZkQUEJ0HZ8',Positif
"b'@asboediono_id @asboedionoid Ind hrs introspeksi padahal tahun2 sebelumnya mengikuti event all england lancar2 aja ada apa all england tahun 2021 kok Indonesia di WO dan didiskriminasi,alasan panitia all england diduga tim Indonesia 1 pesawat dg salah satu penumpang yg terkena corona alasan yg tdk msk akal'",Negatif
"b'Tes Corona di Indonesia bertambah satu lagi, kali ini melalui Saliva atau ludah. https://t.co/TTZpePxQh0'",Positif
"b'Aneh masa karna satu pesawat sama orang yang positif corona team Indonesia langsung didiskualifikasi, yang penting team Indonesia gk ada yang positif kan\n#ReformasiBWF https://t.co/DM1Yxep22Y'",Positif
"b'Bwf tidak adil dengan tim bulutangkis Indonesia, masa karna satu pesawat dengan orang positif corona langsung didiskualifikasi\n#ReformasiBWF https://t.co/GZJex0v1aW'",Negatif
b'Pandemi virus corona mendorong percepatan pembangunan infrastruktur teknologi informasi dan komunikasi di Indonesia #PemulihanEkonomiBangsa https://t.co/Yl5sdPTkZb',Netral
b'Seperti yang sama2 kita tahu Pandemi virus corona mendorong percepatan pembangunan infrastruktur teknologi informasi dan komunikasi di Indonesia #PemulihanEkonomiBangsa https://t.co/hDVinJ6c13',Netral
b'Pandemi virus corona mendorong percepatan pembangunan infrastruktur teknologi informasi dan komunikasi di Indonesia. \xf0\x9f\x87\xae\xf0\x9f\x87\xa9\xf0\x9f\x87\xae\xf0\x9f\x87\xa9\xf0\x9f\x87\xae\xf0\x9f\x87\xa9\xf0\x9f\x87\xae\xf0\x9f\x87\xa9 #PemulihanEkonomiBangsa https://t.co/0gjBTm01Ag',Netral
b'Pandemi virus corona ini mendorong percepatan dalam pembangunan infrastruktur teknologi informasi dan komunikasi di Indonesia #PemulihanEkonomiBangsa https://t.co/l9l5Vp81HX',Netral
b'Pandemi virus corona mendorong percepatan pembangunan infrastruktur teknologi informasi dan komunikasi di Indonesia \xf0\x9f\x98\x8a\xf0\x9f\x98\x87\xf0\x9f\x98\x8a#PemulihanEkonomiBangsa https://t.co/aMcTstdEl3',Positif
b'Pandemi virus corona mendorong percepatan pembangunan infrastruktur teknologi informasi dan komunikasi di Indonesia... semoga cepat selesai pandemi ini.... #PemulihanEkonomiBangsa https://t.co/iRc5wSst4F',Positif
b'Pandemi virus corona mendorong percepatan pembangunan infrastruktur teknologi informasi dan komunikasi di Indonesia \xf0\x9f\x91\x8d #PemulihanEkonomiBangsa https://t.co/xgqItXZz4y',Netral
b'Pandemi virus corona mendorong percepatan pembangunan infrastruktur teknologi informasi dan komunikasi di indonesia\n#PemulihanEkonomiBangsa https://t.co/RMdli2NGAj',Netral
b'Pandemi virua corona mendorong percepatan pembangunan infrastruktur teknologi informasi dan komunikasi di Indonesia \n#PemulihanEkonomiBangsa https://t.co/Rhv8IiQwey',Netral
b'Pandemi virus corona dorong percepatan pembangunan infrastruktur teknologi informasi dan komunikasi Indonesia\n#PemulihanEkonomiBangsa https://t.co/NGDhI5oW83',Netral
b'Angka Kematian Corona Indonesia Naik https://t.co/BnQTGz1QUw https://t.co/Ps1K5NuxHZ',Netral
b'Angka Kematian Corona Indonesia Naik https://t.co/0A5vpZQiMm https://t.co/9jyVJbsYOi',Netral
"b'@perthppe One more.. AKU JUGA CINTA KAMU TANAPON,SAYANG PAKE BANGET\xf0\x9f\x98\xad\xf0\x9f\x96\xa4. Corona kelar jangan lupa main ke Indonesia ya, walaupun kita ga ketemu seenggaknya menghirup satu udara yang sama\xf0\x9f\x98\xad\xf0\x9f\x98\xad. COME TO MY DREAM TONIGHT, I WANT TO MEET YOU TO SAY HAPPY BIRTHDAY OKE?!!OKEE SIP'",Positif
"b'#instagramdown terkait aksi https://t.co/MkgCBmG7Px seluruh dunia kecuali indonesia, mereka akan melakukan aksi terkait corona virus saat ini, bersiaplah.. lihat apa yg akan terjadi'",Positif
"b'Mundurnya Tim Indonesia dari All England Terkait Corona, BWF Dinilai Tak Berkompeten https://t.co/njUumnfTM4 #Terbaru #berita #live #terbaru'",Negatif
b'Ini menunjukkan bobroknya panitia penyelenggara All England Open 2021 #AllEnglandOpen2021UnFair #BWFMustBeResponsible\n\nhttps://t.co/P7Yl0Pmorw',Netral
b'@EllyKoro @Corona_KafirNw @ridwankamil Walikota dan Gubernurnya KADRUN.. maka mereka akan terus berusaha untuk menjadikan Indonesia jadi KADRUNISTAN \xf0\x9f\x98\x82',Netral
b'Kasus Corona di Indonesia Bertambah 6.279 https://t.co/wLpj4rlbeU https://t.co/XbTtDTBc80',Netral
"b'#Terpopuler Vaksin corona AstraZeneca yang berasal dari Inggris sudah masuk di Indonesia. Meski begitu, penggunaannya diminta BPOM untuk ditunda. https://t.co/MWQni3A6t3'",Positif
"b'Reza Ali Turun Gunung Bela SBY, Ungkap Jhoni Allen Biang Kerok Kasus Korupsi Lebih Ganas Dari Virus Corona | Menit Indonesia https://t.co/eouqtUspzQ'",Negatif
